Interaction Type,Residue Chain,Residue Type,Residue Number,# of Contacts,Key,Recovered
HBond,R,TYR,135,1,HBond_TYR_135,True
HBond,R,ARG,208,1,HBond_ARG_208,False
HBond,R,ARG,286,2,HBond_ARG_286,True
Good,R,LYS,128,16,Good_LYS_128,True
Good,R,GLY,131,17,Good_GLY_131,True
Good,R,THR,132,43,Good_THR_132,True
Good,R,TYR,135,69,Good_TYR_135,True
Good,R,MET,136,32,Good_MET_136,True
Good,R,TYR,139,8,Good_TYR_139,True
Good,R,ILE,140,5,Good_ILE_140,True
Good,R,ILE,143,14,Good_ILE_143,True
Good,R,VAL,178,1,Good_VAL_178,True
Good,R,LEU,181,14,Good_LEU_181,True
Good,R,ALA,182,23,Good_ALA_182,True
Good,R,GLY,185,12,Good_GLY_185,True
Good,R,PHE,186,18,Good_PHE_186,False
Good,R,MET,189,17,Good_MET_189,True
Good,R,THR,193,4,Good_THR_193,False
Good,R,PHE,205,30,Good_PHE_205,True
Good,R,HIS,206,4,Good_HIS_206,True
Good,R,ARG,208,42,Good_ARG_208,False
Good,R,LYS,210,1,Good_LYS_210,True
Good,R,GLU,216,10,Good_GLU_216,False
Good,R,PHE,219,39,Good_PHE_219,True
Good,R,ASN,220,26,Good_ASN_220,True
Good,R,LEU,223,27,Good_LEU_223,True
Good,R,ARG,286,9,Good_ARG_286,True
Good,R,TYR,289,8,Good_TYR_289,True
Good,R,HIS,306,2,Good_HIS_306,False
Good,R,ASN,309,15,Good_ASN_309,True
Good,R,GLU,310,3,Good_GLU_310,False
Good,R,LEU,313,3,Good_LEU_313,True
Bad,R,TYR,135,2,Bad_TYR_135,True
Bad,R,PHE,219,1,Bad_PHE_219,True
Bad,R,ARG,286,2,Bad_ARG_286,True
Ugly,R,TYR,135,1,Ugly_TYR_135,True
Ugly,R,ARG,208,1,Ugly_ARG_208,False
